{
  "param_vals": [
    {
      "colsample_bytree": 0.5287519056516573,
      "eta": 0.275,
      "gamma": 3.621268364776089,
      "max_depth": 4.0,
      "min_child_weight": 7.0,
      "reg_alpha": 10.0,
      "reg_lambda": 0.27828568591189895,
      "subsample": 0.625
    }
  ]
}
